ProjectDescription,Expected Assets,Returned Assets,Matched
"I'm building a virtual assistant feature to handle customer inquiries with an AI-driven solution, integrating chat support for smoother interaction.","Virtual Assistant Service,Chat Support Integration","Chat Support Integration,Virtual Assistant Service",true
I'm tasked with creating an investment portfolio microservice that monitors and displays real-time analytics for user investments.,"Investment Portfolio Manager,Real-Time Analytics Dashboard","Real-Time Analytics Dashboard,Investment Portfolio Manager",true
My current assignment involves building a loan processing microservice that automates loan applications and rigorously validates data.,"Loan Processing Engine,Data Validation Engine","Data Validation Engine,Loan Processing Engine",true
I'm working on a mortgage calculation service that precisely computes mortgage details and produces electronic statements.,"Mortgage Calculation Service,Electronic Statement Generator","Mortgage Calculation Service,Electronic Statement Generator",true
I'm responsible for developing an insurance quoting module that generates dynamic quotes based on user inputs.,"Insurance Quote Generator,Document Management System",Insurance Quote Generator,false
I'm implementing a digital signature solution to securely sign documents and integrate with our document management workflow.,"Digital Signature Service,Document Management System","Digital Signature Service,Document Management System",true
I'm creating an electronic statement microservice that automates statement generation and handles errors effectively.,"Electronic Statement Generator,Standardized Error Handling","Standardized Error Handling,Electronic Statement Generator",true
I'm enhancing our ATM network by integrating a microservice that synchronizes ATM transactions in real time.,"ATM Integration Service,Transaction Processing Engine","Transaction Processing Engine,ATM Integration Service,Transaction Monitoring Service",false
I'm tasked with developing a branch locator utility that uses geolocation data to help users find nearby branches and ATMs.,"Branch Locator Tool,Data Export Utility",Branch Locator Tool,false
I'm building a currency exchange module that provides real-time conversion rates and supports multiple currencies.,"Currency Exchange Service,Real-Time Analytics Dashboard",Currency Exchange Service,false
I'm assigned to create an interest rate calculator that accurately computes rates for various financial products.,"Interest Rate Calculator,Data Validation Engine","Interest Rate Calculator,Interest Accrual Calculator",false
I'm developing a budgeting tool to help users track their spending and manage their personal finances effectively.,"Budgeting Tool,User Behavior Analytics","Account Aggregation Service,Transaction History Viewer,Budgeting Tool,Financial Planning Assistant",false
I'm designing a savings goal tracker that monitors progress toward personal savings objectives and provides real-time updates.,"Savings Goal Tracker,Audit Logging System","Financial Planning Assistant,Savings Goal Tracker,Real-Time Alert System",false
"I'm responsible for implementing a credit card management system to streamline card issuance, billing, and secure payments.","Credit Card Management System,Token Management System","Transaction Processing Engine,Payment Gateway Connector,Credit Card Management System,Card Issuance Service",false
I'm tasked with building a debit card management microservice to efficiently manage card operations and process transactions.,"Debit Card Management System,Transaction Processing Engine","Transaction Processing Engine,Debit Card Management System,Card Issuance Service",false
I'm working on a card issuance service that automates the activation of bank cards while handling errors gracefully.,"Card Issuance Service,Standardized Error Handling","Standardized Error Handling,Card Issuance Service",true
I am developing a customer feedback microservice. It should collect and process customer feedback in real time.,"Customer Feedback Collector,Chat Support Integration",Customer Feedback Collector,false
I am developing a virtual assistant microservice. It must implement an AI-driven assistant for customer inquiries.,"Virtual Assistant Service,Chat Support Integration",Virtual Assistant Service,false
I am developing an investment portfolio microservice. It should manage portfolios and support real-time analytics.,"Investment Portfolio Manager,Real-Time Analytics Dashboard","Real-Time Analytics Dashboard,Investment Portfolio Manager",true
I am developing a loan processing microservice. It must automate loan application processing and approvals.,"Loan Processing Engine,Data Validation Engine","KYC Verification System,Risk Assessment Engine,Credit Score Integration Service,Loan Processing Engine",false
I am developing a mortgage calculation microservice. It should accurately calculate mortgage details and generate statements.,"Mortgage Calculation Service,Electronic Statement Generator","Mortgage Calculation Service,Electronic Statement Generator",true
I am developing an insurance quoting microservice. It must generate insurance quotes based on user inputs.,"Insurance Quote Generator,Document Management System",Insurance Quote Generator,false
I am developing a digital signature microservice. It should enable secure digital signing and integrate with our document system.,"Digital Signature Service,Document Management System","Digital Signature Service,Document Management System",true
I am developing an electronic statement microservice. It must generate and deliver electronic statements with robust error handling.,"Electronic Statement Generator,Standardized Error Handling","Standardized Error Handling,Electronic Statement Generator",true
I am developing an ATM integration microservice. It should connect ATM networks with our core system and synchronize transactions.,"ATM Integration Service,Transaction Processing Engine","Transaction Processing Engine,ATM Integration Service",true
I am developing a branch locator microservice. It must help customers find nearby branches and ATMs using geolocation data.,"Branch Locator Tool,Data Export Utility",Branch Locator Tool,false
I am developing a currency exchange microservice. It should provide real-time exchange rates and support currency conversions.,"Currency Exchange Service,Real-Time Analytics Dashboard",Currency Exchange Service,false
I am developing an interest rate calculation microservice. It must compute interest rates for various account types accurately.,"Interest Rate Calculator,Data Validation Engine","Interest Rate Calculator,Interest Accrual Calculator",false
I am developing a budgeting microservice. It should offer personal financial planning and budgeting functionalities.,"Budgeting Tool,User Behavior Analytics","Budgeting Tool,Financial Planning Assistant,Savings Goal Tracker",false
I am developing a financial planning microservice. It must help users set and track long-term financial goals with detailed analytics.,"Financial Planning Assistant,Data Export Utility","Real-Time Analytics Dashboard,Budgeting Tool,Financial Planning Assistant,Savings Goal Tracker",false
I am developing a savings goal tracker microservice. It should monitor progress toward personal savings objectives and provide real-time feedback.,"Savings Goal Tracker,Audit Logging System","Real-Time Analytics Dashboard,Savings Goal Tracker",false
"I am developing a credit card management microservice. It must oversee issuance, billing, and secure payments.","Credit Card Management System,Token Management System","Transaction Processing Engine,Credit Card Management System,Card Issuance Service",false
I am developing a debit card management microservice. It should manage debit card operations and process transactions securely.,"Debit Card Management System,Transaction Processing Engine","Transaction Processing Engine,Fraud Detection System,Debit Card Management System,Card Issuance Service",false
I am developing a card issuance microservice. It must automate the issuance and activation of bank cards with robust error handling.,"Card Issuance Service,Standardized Error Handling",Card Issuance Service,false
I am developing a contactless payment microservice. It should support NFC and contactless payment methods securely.,"Contactless Payment Service,Payment Gateway Connector","Token Management System,Fraud Detection System,Contactless Payment Service,Data Encryption Service",false
I am developing a loyalty rewards microservice. It must administer loyalty programs and manage reward points accurately.,"Loyalty Rewards Manager,Customer Profile Manager",Loyalty Rewards Manager,false
I am developing a mobile banking toolkit microservice. It should provide development tools and APIs for mobile applications.,"Mobile Banking Toolkit,API Gateway Service","User Login Service,Token Management System,Two-Factor Authentication Service,Transaction Processing Engine,Payment Gateway Connector,Mobile Banking Toolkit",false
I am developing an online banking portal microservice. It must enable secure web access and integrate with our authentication system.,"Online Banking Portal,User Login Service","User Login Service,Token Management System,Session Management System,OAuth Integration Service",false
I am developing a transaction monitoring microservice. It should observe transactions in real time and trigger alerts for irregularities.,"Transaction Monitoring Service,Real-Time Alert System","Fraud Detection System,Transaction Monitoring Service,Real-Time Alert System",false
I am developing a batch processing microservice. It must handle large volumes of transactions efficiently in batches.,"Batch Processing Engine,Transaction Processing Engine","Transaction Processing Engine,Batch Processing Engine",true
I am developing a real-time alert microservice. It should send immediate alerts for critical events and integrate with our notification systems.,"Real-Time Alert System,SMS Notification Service,Email Notification System","SMS Notification Service,Email Notification System,Push Notification Service,Real-Time Alert System",false
I am developing a compliance audit microservice. It must conduct automated audits and generate regulatory reports.,"Compliance Audit Tool,Audit Logging System","Regulatory Reporting Tool,Compliance Audit Tool",false
I am developing a data encryption microservice. It should secure sensitive data using advanced encryption techniques.,"Data Encryption Service,Secure File Transfer System","Data Encryption Service,Secure File Transfer System",true
I am developing a secure file transfer microservice. It must facilitate encrypted file transfers and ensure data integrity.,"Secure File Transfer System,Data Encryption Service","Data Validation Engine,Data Encryption Service,Secure File Transfer System",false
I am developing a biometric authentication microservice. It should use biometric data for secure user authentication.,"Biometric Authentication Service,User Login Service","User Login Service,Biometric Authentication Service,Identity Verification System",false
I am developing an identity verification microservice. It must validate user identities through multiple verification methods.,"Identity Verification System,KYC Verification System,AML Compliance Checker","User Login Service,Two-Factor Authentication Service,Identity Verification System",false
I am developing a third-party integration microservice. It should centralize integrations with external service providers securely.,"Third-Party Integration Hub,Data Import Utility","Service Discovery Tool,API Gateway Service,Data Encryption Service,Third-Party Integration Hub",false
I am developing an API rate limiting microservice. It must enforce API call limits across our services to prevent misuse.,"API Rate Limiting Service,Service Rate Limiter","API Rate Limiting Service,Service Rate Limiter",true
I am developing a service health monitoring microservice. It should continuously monitor the health and performance of our services.,"Service Health Monitor,Incident Management System",Service Health Monitor,false
I am developing an incident management microservice. It must handle reporting and resolution of system incidents efficiently.,"Incident Management System,Audit Logging System",Incident Management System,false
I am developing a backup and recovery microservice. It should provide automated backups and robust recovery solutions.,"Backup and Recovery Service,Disaster Recovery Module","Backup and Recovery Service,Disaster Recovery Module",true
I am developing a business intelligence microservice. It must display key performance metrics and insights from our data warehouses.,"Business Intelligence Dashboard,Data Warehouse Connector","Real-Time Analytics Dashboard,Business Intelligence Dashboard,Data Warehouse Connector",false
I am developing an anomaly detection microservice. It should identify unusual transaction patterns and trigger alerts.,"Anomaly Detection Engine,Transaction Monitoring Service","Transaction Monitoring Service,Real-Time Alert System,Anomaly Detection Engine",false
I am developing a customer segmentation microservice. It must divide customers into segments based on behavior and demographics.,"Customer Segmentation Tool,User Behavior Analytics","Customer Profile Manager,User Behavior Analytics,Customer Segmentation Tool",false
I am developing a marketing campaign microservice. It should coordinate campaigns and manage customer outreach with detailed tracking.,"Marketing Campaign Manager,Customer Profile Manager","Customer Profile Manager,SMS Notification Service,Email Notification System,Push Notification Service,Marketing Campaign Manager",false
I am developing a social media integration microservice. It must connect with social media channels to enhance customer engagement.,"Social Media Integration Service,Customer Profile Manager",Social Media Integration Service,false
I am developing an SMS gateway microservice. It should interface with SMS gateways to ensure reliable message delivery.,"SMS Gateway Connector,SMS Notification Service","SMS Notification Service,SMS Gateway Connector",true
I am developing a compliance dashboard microservice. It must provide an overview of regulatory compliance metrics.,"Compliance Dashboard,Regulatory Reporting Tool","Regulatory Reporting Tool,Compliance Audit Tool,Compliance Dashboard",false
I am developing an interest accrual microservice. It should accurately calculate interest accrued on savings and loans.,"Interest Accrual Calculator,Data Validation Engine",Interest Accrual Calculator,false
I am developing a dividend distribution microservice. It must manage dividend payouts to investors and track distributions.,"Dividend Distribution Manager,Audit Logging System","Transaction Processing Engine,Dividend Distribution Manager",false
I am developing a portfolio rebalancing microservice. It should assist in rebalancing investment portfolios periodically.,"Portfolio Rebalancing Assistant,Investment Portfolio Manager","Investment Portfolio Manager,Portfolio Rebalancing Assistant",true
I am developing a wealth management microservice. It must offer comprehensive tools for managing wealth and assets.,"Wealth Management Platform,Investment Portfolio Manager","Account Aggregation Service,Investment Portfolio Manager,Budgeting Tool,Financial Planning Assistant,Wealth Management Platform,Market Data Feed Connector",false
I am developing a market data feed microservice. It should integrate live market data feeds and provide real-time insights.,"Market Data Feed Connector,Real-Time Analytics Dashboard",Market Data Feed Connector,false
I am developing a derivatives trading microservice. It must support trading of financial derivatives with robust integration.,"Derivatives Trading Service,Transaction Processing Engine","Derivatives Trading Service,Futures Trading Platform,Options Trading Service,Clearing House Interface,Settlement Reconciliation Service",false
I am developing a futures trading microservice. It should enable secure trading of futures contracts with detailed logging.,"Futures Trading Platform,Transaction Processing Engine","Transaction Processing Engine,Audit Logging System,Data Encryption Service,Futures Trading Platform",false
I am developing an options trading microservice. It must provide efficient functionalities to trade options.,"Options Trading Service,Transaction Processing Engine","Transaction Processing Engine,Market Data Feed Connector,Options Trading Service",false
I am developing a clearing house interface microservice. It should facilitate communication with clearing houses for settlements.,"Clearing House Interface,Transaction Processing Engine","Clearing House Interface,Settlement Reconciliation Service",false
I am developing a settlement reconciliation microservice. It must reconcile settlement data across systems accurately.,"Settlement Reconciliation Service,Settlement Engine","Transaction Processing Engine,Settlement Reconciliation Service",false
"I am developing a combined authentication microservice. It must handle user login, token management, and two-factor authentication.","User Login Service,Token Management System,Two-Factor Authentication Service","User Login Service,Token Management System,Two-Factor Authentication Service",true
"I am developing a combined registration microservice. It should enable user registration, profile management, and password resets.","User Registration Portal,Customer Profile Manager,Password Reset Tool","User Registration Portal,Password Reset Tool,Customer Profile Manager",true
I am developing an account aggregation microservice. It must consolidate customer account data and automate account opening.,"Account Aggregation Service,Customer Profile Manager,Account Opening Service","User Registration Portal,Account Opening Service,Account Aggregation Service",false
I am developing a transaction history microservice. It should display detailed transaction histories and support data export.,"Transaction History Viewer,Historical Reporting System","Transaction History Viewer,Data Export Utility",false
I am developing a financial aggregation microservice. It must collect external financial data and provide real-time analytics.,"Financial Data Aggregator,Real-Time Analytics Dashboard","Financial Data Aggregator,Real-Time Analytics Dashboard",true
I am developing a refund microservice. It should process customer refunds and monitor related transactions.,"Refund Processing Service,Transaction Monitoring Service","Transaction Processing Engine,Refund Processing Service",false
I am developing a risk assessment microservice. It must calculate risk scores and perform fraud detection on transactions.,"Risk Assessment Engine,Fraud Detection System","Fraud Detection System,Risk Assessment Engine",true
I am developing a regulatory reporting microservice. It should generate detailed reports and log all compliance activities.,"Regulatory Reporting Tool,Audit Logging System","Audit Logging System,Regulatory Reporting Tool,Compliance Audit Tool",false
I am developing an external credit microservice. It must integrate with credit bureaus and aggregate credit data.,"Credit Score Integration Service,Financial Data Aggregator","Account Aggregation Service,Credit Score Integration Service",false
"I am developing a multi-channel notifications microservice. It should send SMS, email, and push notifications reliably.","SMS Notification Service,Email Notification System,Push Notification Service","SMS Notification Service,Email Notification System,Push Notification Service",true
I am developing a centralized logging and configuration microservice. It must aggregate logs and manage configuration settings dynamically.,"Centralized Logging Service,Configuration Manager","Centralized Logging Service,Configuration Manager",true
I am developing a data import/export microservice. It should handle robust data transfers with standardized error handling.,"Data Export Utility,Data Import Utility,Standardized Error Handling","Data Export Utility,Data Import Utility,Standardized Error Handling",true
I am developing an API orchestration microservice. It must serve as a gateway and coordinate multiple microservices.,"API Gateway Service,Microservices Orchestrator","API Gateway Service,Microservices Orchestrator",true
I am developing a session and OAuth microservice. It should securely manage user sessions and integrate with OAuth providers.,"Session Management System,OAuth Integration Service,Token Management System","Session Management System,OAuth Integration Service",false
I am developing a feedback and support microservice. It must collect customer feedback and provide AI-driven support.,"Customer Feedback Collector,Virtual Assistant Service","Customer Feedback Collector,Chat Support Integration,Virtual Assistant Service",false
"I am developing a microservice to manage customer loyalty programs and reward distributions, ensuring accurate tracking of reward points and integration with our user profiles.","Loyalty Rewards Manager,Customer Profile Manager","Customer Profile Manager,Loyalty Rewards Manager",true
I am developing a microservice for digital document management that handles secure storage and retrieval of documents and supports digital signing for enhanced security.,"Document Management System,Digital Signature Service","Digital Signature Service,Document Management System",true
"I am developing a microservice for managing marketing campaigns, which coordinates customer outreach and monitors campaign performance through advanced analytics.","Marketing Campaign Manager,Real-Time Analytics Dashboard","Real-Time Analytics Dashboard,Customer Feedback Collector,Marketing Campaign Manager",false
I am developing a microservice that aggregates financial market data and integrates machine learning models to predict market trends.,"Financial Data Aggregator,Machine Learning Integration","Financial Data Aggregator,Machine Learning Integration",true
"I am developing a microservice for processing derivatives trading, which ensures seamless integration with our Transaction Processing Engine and provides detailed logs.","Derivatives Trading Service,Transaction Processing Engine","Transaction Processing Engine,Audit Logging System,Derivatives Trading Service",false
I am developing a microservice to provide real-time alerts for system performance issues by incorporating both monitoring and incident management functionalities.,"Real-Time Alert System,Service Health Monitor,Incident Management System","Real-Time Alert System,Service Health Monitor,Incident Management System",true
"I am developing a microservice for secure file transfers, ensuring data encryption and reliable transfer protocols across our network.","Secure File Transfer System,Data Encryption Service","Data Encryption Service,Secure File Transfer System",true
"I am developing a microservice for real-time currency conversion and exchange rate monitoring, enabling fast and accurate conversions for our customers.","Currency Exchange Service,Real-Time Analytics Dashboard",Currency Exchange Service,false
"I am developing a microservice that handles document import and export, ensuring data consistency and proper error handling during transfers.","Data Import Utility,Data Export Utility,Standardized Error Handling","Data Export Utility,Data Import Utility,Standardized Error Handling,Data Validation Engine",false
I am developing a microservice for managing service health that continuously monitors the performance of various microservices and raises alerts on failures.,"Service Health Monitor,Incident Management System","Real-Time Alert System,Service Health Monitor",false
"I am developing a microservice that orchestrates interactions among various services, ensuring efficient communication and service discovery.","Microservices Orchestrator,Service Discovery Tool,API Gateway Service","Service Discovery Tool,API Gateway Service,Microservices Orchestrator",true
"I am developing a microservice to manage backup and disaster recovery processes, ensuring automated data protection and effective recovery strategies.","Backup and Recovery Service,Disaster Recovery Module","Backup and Recovery Service,Disaster Recovery Module",true
I am developing a microservice for customer segmentation that divides customers into distinct groups based on behavior and demographics for targeted marketing.,"Customer Segmentation Tool,User Behavior Analytics","User Behavior Analytics,Customer Segmentation Tool,Marketing Campaign Manager",false
"I am developing a microservice for managing incident reports and resolutions, ensuring timely notifications and detailed logging of system incidents.","Incident Management System,Audit Logging System,Error Reporting Service","Audit Logging System,Centralized Logging Service,Real-Time Alert System,Incident Management System",false
"I am developing a microservice for enforcing API call limits across our system, implementing robust throttling to prevent misuse.","API Rate Limiting Service,Service Rate Limiter","API Rate Limiting Service,Service Rate Limiter",true
I am developing a microservice that integrates social media data to enhance customer engagement by aggregating data from various platforms.,"Social Media Integration Service,Customer Profile Manager","Customer Profile Manager,User Behavior Analytics,Marketing Campaign Manager,Social Media Integration Service",false
I am developing a microservice for portfolio rebalancing that assists in periodic adjustments of investment portfolios to maintain optimal asset allocation.,"Portfolio Rebalancing Assistant,Investment Portfolio Manager,Audit Logging System","Investment Portfolio Manager,Portfolio Rebalancing Assistant",false
