name,description
"User Login Service","Handles authentication and login processes for users."
"Token Management System","Manages the creation, validation, and storage of security tokens."
"Two-Factor Authentication Service","Implements two-factor authentication using SMS, email, or app-based verification."
"User Registration Portal","Provides a platform for new users to sign up and create accounts."
"Password Reset Tool","Facilitates secure password reset functionality for users."
"Account Opening Service","Automates the creation of new bank accounts with proper validations."
"Customer Profile Manager","Manages customer profiles and personal information securely."
"KYC Verification System","Verifies customer identity documents to comply with KYC regulations."
"AML Compliance Checker","Monitors transactions to ensure adherence to anti-money laundering guidelines."
"Account Aggregation Service","Consolidates customer account data from multiple sources."
"Transaction Processing Engine","Processes and records financial transactions reliably."
"Transaction History Viewer","Provides detailed histories of user transactions."
"Payment Gateway Connector","Interfaces with external payment gateways for smooth payment processing."
"Refund Processing Service","Handles the initiation and processing of customer refunds."
"Settlement Engine","Coordinates end-of-day settlement and transaction clearing."
"Fraud Detection System","Analyzes transactions to detect and prevent fraudulent activities."
"Risk Assessment Engine","Calculates risk scores for transactions and customer activities."
"Audit Logging System","Records system events and transactions for auditing purposes."
"Regulatory Reporting Tool","Generates reports to comply with financial regulatory requirements."
"Credit Score Integration Service","Connects with credit bureaus to retrieve customer credit scores."
"External Payment Connector","Links with providers like PayPal and Stripe for external payments."
"Financial Data Aggregator","Collects financial market data from various external sources."
"SMS Notification Service","Sends SMS alerts for transactional updates and system events."
"Email Notification System","Dispatches email notifications for various operations and alerts."
"Push Notification Service","Delivers mobile push notifications to keep users informed."
"Centralized Logging Service","Aggregates logs from multiple microservices for analysis."
"Configuration Manager","Dynamically manages configuration settings across the system."
"Service Discovery Tool","Helps microservices locate and communicate with each other efficiently."
"Data Caching Service","Implements caching to speed up data retrieval processes."
"Real-Time Analytics Dashboard","Displays live analytics data for monitoring performance."
"Historical Reporting System","Aggregates and reports on historical financial data."
"User Behavior Analytics","Analyzes customer interactions to improve service offerings."
"Data Export Utility","Facilitates the export of data for reporting and backup purposes."
"Data Import Utility","Handles the import of external data into the system."
"Standardized Error Handling","Provides uniform error responses and exception management."
"Data Validation Engine","Ensures data integrity through rigorous validation checks."
"API Gateway Service","Offers a unified access point for multiple microservices."
"Microservices Orchestrator","Coordinates interactions among various microservices."
"Session Management System","Manages user sessions and maintains session data."
"OAuth Integration Service","Integrates with OAuth providers for secure user access."
"Customer Feedback Collector","Gathers and processes customer feedback for service improvements."
"Chat Support Integration","Integrates live chat support into customer service platforms."
"Virtual Assistant Service","Implements an AI-driven assistant for customer inquiries."
"Investment Portfolio Manager","Manages investment portfolios and asset allocations."
"Loan Processing Engine","Automates the processing and approval of loan applications."
"Mortgage Calculation Service","Calculates mortgage details based on user inputs."
"Insurance Quote Generator","Provides insurance quotes for various financial products."
"Digital Signature Service","Enables secure digital signing of documents."
"Document Management System","Stores and retrieves digital documents in a secure manner."
"Electronic Statement Generator","Creates electronic statements for customer accounts."
"ATM Integration Service","Connects ATM networks with the core banking system."
"Branch Locator Tool","Helps customers find nearby branches and ATMs easily."
"Currency Exchange Service","Provides real-time currency exchange rates and conversions."
"Interest Rate Calculator","Computes interest rates for various account types."
"Budgeting Tool","Offers tools for budgeting and personal financial planning."
"Financial Planning Assistant","Helps users set and track long-term financial goals."
"Savings Goal Tracker","Monitors progress toward personal savings objectives."
"Credit Card Management System","Oversees issuance, billing, and payments for credit cards."
"Debit Card Management System","Manages operations and transactions for debit cards."
"Card Issuance Service","Automates the issuance and activation of bank cards."
"Contactless Payment Service","Supports NFC and contactless payment methods."
"Loyalty Rewards Manager","Administers customer loyalty programs and reward points."
"Mobile Banking Toolkit","Provides development tools for mobile banking applications."
"Online Banking Portal","Enables secure access to banking services via the web."
"Transaction Monitoring Service","Observes transactions in real time for irregularities."
"Batch Processing Engine","Handles large volumes of transactions in batch mode."
"Real-Time Alert System","Sends immediate alerts for critical system events."
"Compliance Audit Tool","Conducts automated audits to ensure regulatory compliance."
"Data Encryption Service","Secures sensitive data using advanced encryption techniques."
"Secure File Transfer System","Facilitates encrypted file transfers between services."
"Biometric Authentication Service","Uses biometric data for secure user authentication."
"Identity Verification System","Validates user identities through multiple verification methods."
"Third-Party Integration Hub","Centralizes integrations with external service providers."
"API Rate Limiting Service","Manages and enforces API call limits to prevent misuse."
"Service Rate Limiter","Applies limits on API calls across the system to control load."
"Service Health Monitor","Continuously checks the health and performance of services."
"Incident Management System","Handles the reporting and resolution of system incidents."
"Backup and Recovery Service","Provides automated data backup and recovery solutions."
"Disaster Recovery Module","Implements strategies to recover from major system failures."
"System Performance Profiler","Analyzes system performance to identify bottlenecks."
"Error Reporting Service","Collects and reports system errors for troubleshooting."
"Business Intelligence Dashboard","Displays key performance metrics and business insights."
"Data Warehouse Connector","Connects the system to data warehouses for analytics."
"Machine Learning Integration","Integrates machine learning models for enhanced analytics."
"Anomaly Detection Engine","Identifies unusual patterns in transactions and behavior."
"Customer Segmentation Tool","Divides customers into segments based on behavior and demographics."
"Marketing Campaign Manager","Coordinates marketing campaigns and customer outreach efforts."
"Social Media Integration Service","Connects social media channels for enhanced customer engagement."
"SMS Gateway Connector","Interfaces with SMS gateways for reliable message delivery."
"Compliance Dashboard","Provides an overview of regulatory compliance metrics."
"Interest Accrual Calculator","Calculates the interest accrued on savings and loans."
"Dividend Distribution Manager","Manages the distribution of dividends to investors."
"Portfolio Rebalancing Assistant","Helps in rebalancing investment portfolios periodically."
"Wealth Management Platform","Offers tools and services for managing wealth and assets."
"Market Data Feed Connector","Integrates live market data feeds for real-time insights."
"Derivatives Trading Service","Supports the trading of financial derivatives."
"Futures Trading Platform","Enables the trading of futures contracts securely."
"Options Trading Service","Provides functionalities to trade options efficiently."
"Clearing House Interface","Facilitates communication with clearing houses for settlements."
"Settlement Reconciliation Service","Reconciles settlement data across different systems."
