Id,Name,Email
"e3f1c4d0-7fbb-4a20-99ad-1a4d51a1f2e1","Alice Johnson","alice.johnson@digitalbank.com"
"bb4d6e21-6c63-4f80-ae18-3e5a7b8f77d2","Bob Smith","bob.smith@digitalbank.com"
"f5a7b8c9-d1e2-4f6a-a3d7-8c9f0e7b6a2c","Charlie Brown","charlie.brown@digitalbank.com"
"0a3b7e89-f6d2-4e3b-9b4c-2d6f7e8a9b0c","Dana White","dana.white@digitalbank.com"
"7c8d9e0a-b1c2-4d3e-8f9a-0b1c2d3e4f5a","Evan Lee","evan.lee@digitalbank.com"
"1d2c3b4a-5e6f-7a8b-9c0d-1e2f3a4b5c6d","Fiona Adams","fiona.adams@digitalbank.com"
"9b8a7c6d-5e4f-3a2b-1c0d-9e8f7a6b5c4d","George King","george.king@digitalbank.com"
"2a3b4c5d-6e7f-8a9b-0c1d-2e3f4a5b6c7d","Hannah Miller","hannah.miller@digitalbank.com"
"3c4d5e6f-7a8b-9c0d-1e2f-3a4b5c6d7e8f","Ian Wright","ian.wright@digitalbank.com"
"4d5e6f7a-8b9c-0d1e-2f3a-4b5c6d7e8f9a","Julia Roberts","julia.roberts@digitalbank.com"
